,Epoch,Mean Rank,Filtered Mean Rank,Mean Reciprocal Rank,Filtered Mean Reciprocal Rank,Hit-1 Ratio,Filtered Hit-1 Ratio,Hit-3 Ratio,Filtered Hit-3 Ratio,Hit-5 Ratio,Filtered Hit-5 Ratio,Hit-10 Ratio,Filtered Hit-10 Ratio
0,9,111.50326538085938,52.082801818847656,0.07414218038320541,0.6843829154968262,0.020553098991513252,0.6494685411453247,0.055850815027952194,0.6875882148742676,0.08936130255460739,0.7184883952140808,0.16971592605113983,0.7591713070869446
